Unnamed: 0,level_0,index,survived,sex,age,fare,class,who,alive
0,0,0,0,male,22.0,7.25,Third,man,no
1,1,1,1,female,38.0,71.2833,First,woman,yes
2,2,2,1,female,26.0,7.925,Third,woman,yes
3,3,3,1,female,35.0,53.1,First,woman,yes
4,4,4,0,male,35.0,8.05,Third,man,no
5,5,5,0,male,29.69911764705882,8.4583,Third,man,no
6,6,6,0,male,54.0,51.8625,First,man,no
7,7,7,0,male,2.0,21.075,Third,child,no
8,8,8,1,female,27.0,11.1333,Third,woman,yes
9,9,9,1,female,14.0,30.0708,Second,child,yes
10,10,10,1,female,4.0,16.7,Third,child,yes
11,11,11,1,female,58.0,26.55,First,woman,yes
12,12,12,0,male,20.0,8.05,Third,man,no
13,13,13,0,male,39.0,31.275,Third,man,no
14,14,14,0,female,14.0,7.8542,Third,child,no
15,15,15,1,female,55.0,16.0,Second,woman,yes
16,16,16,0,male,2.0,29.125,Third,child,no
17,17,17,1,male,29.69911764705882,13.0,Second,man,yes
18,18,18,0,female,31.0,18.0,Third,woman,no
19,19,19,1,female,29.69911764705882,7.225,Third,woman,yes
20,20,20,0,male,35.0,26.0,Second,man,no
21,21,21,1,male,34.0,13.0,Second,man,yes
22,22,22,1,female,15.0,8.0292,Third,child,yes
23,23,23,1,male,28.0,35.5,First,man,yes
24,24,24,0,female,8.0,21.075,Third,child,no
25,25,25,1,female,38.0,31.3875,Third,woman,yes
26,26,26,0,male,29.69911764705882,7.225,Third,man,no
27,27,27,0,male,19.0,263.0,First,man,no
28,28,28,1,female,29.69911764705882,7.8792,Third,woman,yes
29,29,29,0,male,29.69911764705882,7.8958,Third,man,no
30,30,30,0,male,40.0,27.7208,First,man,no
31,31,31,1,female,29.69911764705882,146.5208,First,woman,yes
32,32,32,1,female,29.69911764705882,7.75,Third,woman,yes
33,33,33,0,male,66.0,10.5,Second,man,no
34,34,34,0,male,28.0,82.1708,First,man,no
35,35,35,0,male,42.0,52.0,First,man,no
36,36,36,1,male,29.69911764705882,7.2292,Third,man,yes
37,37,37,0,male,21.0,8.05,Third,man,no
38,38,38,0,female,18.0,18.0,Third,woman,no
39,39,39,1,female,14.0,11.2417,Third,child,yes
40,40,40,0,female,40.0,9.475,Third,woman,no
41,41,41,0,female,27.0,21.0,Second,woman,no
42,42,42,0,male,29.69911764705882,7.8958,Third,man,no
43,43,43,1,female,3.0,41.5792,Second,child,yes
44,44,44,1,female,19.0,7.8792,Third,woman,yes
45,45,45,0,male,29.69911764705882,8.05,Third,man,no
46,46,46,0,male,29.69911764705882,15.5,Third,man,no
47,47,47,1,female,29.69911764705882,7.75,Third,woman,yes
48,48,48,0,male,29.69911764705882,21.6792,Third,man,no
49,49,49,0,female,18.0,17.8,Third,woman,no
50,50,50,0,male,7.0,39.6875,Third,child,no
51,51,51,0,male,21.0,7.8,Third,man,no
52,52,52,1,female,49.0,76.7292,First,woman,yes
53,53,53,1,female,29.0,26.0,Second,woman,yes
54,54,54,0,male,65.0,61.9792,First,man,no
55,55,55,1,male,29.69911764705882,35.5,First,man,yes
56,56,56,1,female,21.0,10.5,Second,woman,yes
57,57,57,0,male,28.5,7.2292,Third,man,no
58,58,58,1,female,5.0,27.75,Second,child,yes
59,59,59,0,male,11.0,46.9,Third,child,no
60,60,60,0,male,22.0,7.2292,Third,man,no
61,61,61,1,female,38.0,80.0,First,woman,yes
62,62,62,0,male,45.0,83.475,First,man,no
63,63,63,0,male,4.0,27.9,Third,child,no
64,64,64,0,male,29.69911764705882,27.7208,First,man,no
65,65,65,1,male,29.69911764705882,15.2458,Third,man,yes
66,66,66,1,female,29.0,10.5,Second,woman,yes
67,67,67,0,male,19.0,8.1583,Third,man,no
68,68,68,1,female,17.0,7.925,Third,woman,yes
69,69,69,0,male,26.0,8.6625,Third,man,no
70,70,70,0,male,32.0,10.5,Second,man,no
71,71,71,0,female,16.0,46.9,Third,woman,no
72,72,72,0,male,21.0,73.5,Second,man,no
73,73,73,0,male,26.0,14.4542,Third,man,no
74,74,74,1,male,32.0,56.4958,Third,man,yes
75,75,75,0,male,25.0,7.65,Third,man,no
76,76,76,0,male,29.69911764705882,7.8958,Third,man,no
77,77,77,0,male,29.69911764705882,8.05,Third,man,no
78,78,78,1,male,0.83,29.0,Second,child,yes
79,79,79,1,female,30.0,12.475,Third,woman,yes
80,80,80,0,male,22.0,9.0,Third,man,no
81,81,81,1,male,29.0,9.5,Third,man,yes
82,82,82,1,female,29.69911764705882,7.7875,Third,woman,yes
83,83,83,0,male,28.0,47.1,First,man,no
84,84,84,1,female,17.0,10.5,Second,woman,yes
85,85,85,1,female,33.0,15.85,Third,woman,yes
86,86,86,0,male,16.0,34.375,Third,man,no
87,87,87,0,male,29.69911764705882,8.05,Third,man,no
88,88,88,1,female,23.0,263.0,First,woman,yes
89,89,89,0,male,24.0,8.05,Third,man,no
90,90,90,0,male,29.0,8.05,Third,man,no
91,91,91,0,male,20.0,7.8542,Third,man,no
92,92,92,0,male,46.0,61.175,First,man,no
93,93,93,0,male,26.0,20.575,Third,man,no
94,94,94,0,male,59.0,7.25,Third,man,no
95,95,95,0,male,29.69911764705882,8.05,Third,man,no
96,96,96,0,male,71.0,34.6542,First,man,no
97,97,97,1,male,23.0,63.3583,First,man,yes
98,98,98,1,female,34.0,23.0,Second,woman,yes
99,99,99,0,male,34.0,26.0,Second,man,no
100,100,100,0,female,28.0,7.8958,Third,woman,no
101,101,101,0,male,29.69911764705882,7.8958,Third,man,no
102,102,102,0,male,21.0,77.2875,First,man,no
103,103,103,0,male,33.0,8.6542,Third,man,no
104,104,104,0,male,37.0,7.925,Third,man,no
105,105,105,0,male,28.0,7.8958,Third,man,no
106,106,106,1,female,21.0,7.65,Third,woman,yes
107,107,107,1,male,29.69911764705882,7.775,Third,man,yes
108,108,108,0,male,38.0,7.8958,Third,man,no
109,109,109,1,female,29.69911764705882,24.15,Third,woman,yes
110,110,110,0,male,47.0,52.0,First,man,no
111,111,111,0,female,14.5,14.4542,Third,child,no
112,112,112,0,male,22.0,8.05,Third,man,no
113,113,113,0,female,20.0,9.825,Third,woman,no
114,114,114,0,female,17.0,14.4583,Third,woman,no
115,115,115,0,male,21.0,7.925,Third,man,no
116,116,116,0,male,70.5,7.75,Third,man,no
117,117,117,0,male,29.0,21.0,Second,man,no
118,118,118,0,male,24.0,247.5208,First,man,no
119,119,119,0,female,2.0,31.275,Third,child,no
120,120,120,0,male,21.0,73.5,Second,man,no
121,121,121,0,male,29.69911764705882,8.05,Third,man,no
122,122,122,0,male,32.5,30.0708,Second,man,no
123,123,123,1,female,32.5,13.0,Second,woman,yes
124,124,124,0,male,54.0,77.2875,First,man,no
125,125,125,1,male,12.0,11.2417,Third,child,yes
126,126,126,0,male,29.69911764705882,7.75,Third,man,no
127,127,127,1,male,24.0,7.1417,Third,man,yes
128,128,128,1,female,29.69911764705882,22.3583,Third,woman,yes
129,129,129,0,male,45.0,6.975,Third,man,no
130,130,130,0,male,33.0,7.8958,Third,man,no
131,131,131,0,male,20.0,7.05,Third,man,no
132,132,132,0,female,47.0,14.5,Third,woman,no
133,133,133,1,female,29.0,26.0,Second,woman,yes
134,134,134,0,male,25.0,13.0,Second,man,no
135,135,135,0,male,23.0,15.0458,Second,man,no
136,136,136,1,female,19.0,26.2833,First,woman,yes
137,137,137,0,male,37.0,53.1,First,man,no
138,138,138,0,male,16.0,9.2167,Third,man,no
139,139,139,0,male,24.0,79.2,First,man,no
140,140,140,0,female,29.69911764705882,15.2458,Third,woman,no
141,141,141,1,female,22.0,7.75,Third,woman,yes
142,142,142,1,female,24.0,15.85,Third,woman,yes
143,143,143,0,male,19.0,6.75,Third,man,no
144,144,144,0,male,18.0,11.5,Second,man,no
145,145,145,0,male,19.0,36.75,Second,man,no
146,146,146,1,male,27.0,7.7958,Third,man,yes
147,147,147,0,female,9.0,34.375,Third,child,no
148,148,148,0,male,36.5,26.0,Second,man,no
149,149,149,0,male,42.0,13.0,Second,man,no
150,150,150,0,male,51.0,12.525,Second,man,no
151,151,151,1,female,22.0,66.6,First,woman,yes
152,152,152,0,male,55.5,8.05,Third,man,no
153,153,153,0,male,40.5,14.5,Third,man,no
154,154,154,0,male,29.69911764705882,7.3125,Third,man,no
155,155,155,0,male,51.0,61.3792,First,man,no
156,156,156,1,female,16.0,7.7333,Third,woman,yes
157,157,157,0,male,30.0,8.05,Third,man,no
158,158,158,0,male,29.69911764705882,8.6625,Third,man,no
159,159,159,0,male,29.69911764705882,69.55,Third,man,no
160,160,160,0,male,44.0,16.1,Third,man,no
161,161,161,1,female,40.0,15.75,Second,woman,yes
162,162,162,0,male,26.0,7.775,Third,man,no
163,163,163,0,male,17.0,8.6625,Third,man,no
164,164,164,0,male,1.0,39.6875,Third,child,no
165,165,165,1,male,9.0,20.525,Third,child,yes
166,166,166,1,female,29.69911764705882,55.0,First,woman,yes
167,167,167,0,female,45.0,27.9,Third,woman,no
168,168,168,0,male,29.69911764705882,25.925,First,man,no
169,169,169,0,male,28.0,56.4958,Third,man,no
170,170,170,0,male,61.0,33.5,First,man,no
171,171,171,0,male,4.0,29.125,Third,child,no
172,172,172,1,female,1.0,11.1333,Third,child,yes
173,173,173,0,male,21.0,7.925,Third,man,no
174,174,174,0,male,56.0,30.6958,First,man,no
175,175,175,0,male,18.0,7.8542,Third,man,no
176,176,176,0,male,29.69911764705882,25.4667,Third,man,no
177,177,177,0,female,50.0,28.7125,First,woman,no
178,178,178,0,male,30.0,13.0,Second,man,no
179,179,179,0,male,36.0,0.0,Third,man,no
180,180,180,0,female,29.69911764705882,69.55,Third,woman,no
181,181,181,0,male,29.69911764705882,15.05,Second,man,no
182,182,182,0,male,9.0,31.3875,Third,child,no
183,183,183,1,male,1.0,39.0,Second,child,yes
184,184,184,1,female,4.0,22.025,Third,child,yes
185,185,185,0,male,29.69911764705882,50.0,First,man,no
186,186,186,1,female,29.69911764705882,15.5,Third,woman,yes
187,187,187,1,male,45.0,26.55,First,man,yes
188,188,188,0,male,40.0,15.5,Third,man,no
189,189,189,0,male,36.0,7.8958,Third,man,no
190,190,190,1,female,32.0,13.0,Second,woman,yes
191,191,191,0,male,19.0,13.0,Second,man,no
192,192,192,1,female,19.0,7.8542,Third,woman,yes
193,193,193,1,male,3.0,26.0,Second,child,yes
194,194,194,1,female,44.0,27.7208,First,woman,yes
195,195,195,1,female,58.0,146.5208,First,woman,yes
196,196,196,0,male,29.69911764705882,7.75,Third,man,no
197,197,197,0,male,42.0,8.4042,Third,man,no
198,198,198,1,female,29.69911764705882,7.75,Third,woman,yes
199,199,199,0,female,24.0,13.0,Second,woman,no
200,200,200,0,male,28.0,9.5,Third,man,no
201,201,201,0,male,29.69911764705882,69.55,Third,man,no
202,202,202,0,male,34.0,6.4958,Third,man,no
203,203,203,0,male,45.5,7.225,Third,man,no
204,204,204,1,male,18.0,8.05,Third,man,yes
205,205,205,0,female,2.0,10.4625,Third,child,no
206,206,206,0,male,32.0,15.85,Third,man,no
207,207,207,1,male,26.0,18.7875,Third,man,yes
208,208,208,1,female,16.0,7.75,Third,woman,yes
209,209,209,1,male,40.0,31.0,First,man,yes
210,210,210,0,male,24.0,7.05,Third,man,no
211,211,211,1,female,35.0,21.0,Second,woman,yes
212,212,212,0,male,22.0,7.25,Third,man,no
213,213,213,0,male,30.0,13.0,Second,man,no
214,214,214,0,male,29.69911764705882,7.75,Third,man,no
215,215,215,1,female,31.0,113.275,First,woman,yes
216,216,216,1,female,27.0,7.925,Third,woman,yes
217,217,217,0,male,42.0,27.0,Second,man,no
218,218,218,1,female,32.0,76.2917,First,woman,yes
219,219,219,0,male,30.0,10.5,Second,man,no
220,220,220,1,male,16.0,8.05,Third,man,yes
221,221,221,0,male,27.0,13.0,Second,man,no
222,222,222,0,male,51.0,8.05,Third,man,no
223,223,223,0,male,29.69911764705882,7.8958,Third,man,no
224,224,224,1,male,38.0,90.0,First,man,yes
225,225,225,0,male,22.0,9.35,Third,man,no
226,226,226,1,male,19.0,10.5,Second,man,yes
227,227,227,0,male,20.5,7.25,Third,man,no
228,228,228,0,male,18.0,13.0,Second,man,no
229,229,229,0,female,29.69911764705882,25.4667,Third,woman,no
230,230,230,1,female,35.0,83.475,First,woman,yes
231,231,231,0,male,29.0,7.775,Third,man,no
232,232,232,0,male,59.0,13.5,Second,man,no
233,233,233,1,female,5.0,31.3875,Third,child,yes
234,234,234,0,male,24.0,10.5,Second,man,no
235,235,235,0,female,29.69911764705882,7.55,Third,woman,no
236,236,236,0,male,44.0,26.0,Second,man,no
237,237,237,1,female,8.0,26.25,Second,child,yes
238,238,238,0,male,19.0,10.5,Second,man,no
239,239,239,0,male,33.0,12.275,Second,man,no
240,240,240,0,female,29.69911764705882,14.4542,Third,woman,no
241,241,241,1,female,29.69911764705882,15.5,Third,woman,yes
242,242,242,0,male,29.0,10.5,Second,man,no
243,243,243,0,male,22.0,7.125,Third,man,no
244,244,244,0,male,30.0,7.225,Third,man,no
245,245,245,0,male,44.0,90.0,First,man,no
246,246,246,0,female,25.0,7.775,Third,woman,no
247,247,247,1,female,24.0,14.5,Second,woman,yes
248,248,248,1,male,37.0,52.5542,First,man,yes
249,249,249,0,male,54.0,26.0,Second,man,no
250,250,250,0,male,29.69911764705882,7.25,Third,man,no
251,251,251,0,female,29.0,10.4625,Third,woman,no
252,252,252,0,male,62.0,26.55,First,man,no
253,253,253,0,male,30.0,16.1,Third,man,no
254,254,254,0,female,41.0,20.2125,Third,woman,no
255,255,255,1,female,29.0,15.2458,Third,woman,yes
256,256,256,1,female,29.69911764705882,79.2,First,woman,yes
257,257,257,1,female,30.0,86.5,First,woman,yes
258,258,258,1,female,35.0,512.3292,First,woman,yes
259,259,259,1,female,50.0,26.0,Second,woman,yes
260,260,260,0,male,29.69911764705882,7.75,Third,man,no
261,261,261,1,male,3.0,31.3875,Third,child,yes
262,262,262,0,male,52.0,79.65,First,man,no
263,263,263,0,male,40.0,0.0,First,man,no
264,264,264,0,female,29.69911764705882,7.75,Third,woman,no
265,265,265,0,male,36.0,10.5,Second,man,no
266,266,266,0,male,16.0,39.6875,Third,man,no
267,267,267,1,male,25.0,7.775,Third,man,yes
268,268,268,1,female,58.0,153.4625,First,woman,yes
269,269,269,1,female,35.0,135.6333,First,woman,yes
270,270,270,0,male,29.69911764705882,31.0,First,man,no
271,271,271,1,male,25.0,0.0,Third,man,yes
272,272,272,1,female,41.0,19.5,Second,woman,yes
273,273,273,0,male,37.0,29.7,First,man,no
274,274,274,1,female,29.69911764705882,7.75,Third,woman,yes
275,275,275,1,female,63.0,77.9583,First,woman,yes
276,276,276,0,female,45.0,7.75,Third,woman,no
277,277,277,0,male,29.69911764705882,0.0,Second,man,no
278,278,278,0,male,7.0,29.125,Third,child,no
279,279,279,1,female,35.0,20.25,Third,woman,yes
280,280,280,0,male,65.0,7.75,Third,man,no
281,281,281,0,male,28.0,7.8542,Third,man,no
282,282,282,0,male,16.0,9.5,Third,man,no
283,283,283,1,male,19.0,8.05,Third,man,yes
284,284,284,0,male,29.69911764705882,26.0,First,man,no
285,285,285,0,male,33.0,8.6625,Third,man,no
286,286,286,1,male,30.0,9.5,Third,man,yes
287,287,287,0,male,22.0,7.8958,Third,man,no
288,288,288,1,male,42.0,13.0,Second,man,yes
289,289,289,1,female,22.0,7.75,Third,woman,yes
290,290,290,1,female,26.0,78.85,First,woman,yes
291,291,291,1,female,19.0,91.0792,First,woman,yes
292,292,292,0,male,36.0,12.875,Second,man,no
293,293,293,0,female,24.0,8.85,Third,woman,no
294,294,294,0,male,24.0,7.8958,Third,man,no
295,295,295,0,male,29.69911764705882,27.7208,First,man,no
296,296,296,0,male,23.5,7.2292,Third,man,no
297,297,297,0,female,2.0,151.55,First,child,no
298,298,298,1,male,29.69911764705882,30.5,First,man,yes
299,299,299,1,female,50.0,247.5208,First,woman,yes
300,300,300,1,female,29.69911764705882,7.75,Third,woman,yes
301,301,301,1,male,29.69911764705882,23.25,Third,man,yes
302,302,302,0,male,19.0,0.0,Third,man,no
303,303,303,1,female,29.69911764705882,12.35,Second,woman,yes
304,304,304,0,male,29.69911764705882,8.05,Third,man,no
305,305,305,1,male,0.92,151.55,First,child,yes
306,306,306,1,female,29.69911764705882,110.8833,First,woman,yes
307,307,307,1,female,17.0,108.9,First,woman,yes
308,308,308,0,male,30.0,24.0,Second,man,no
309,309,309,1,female,30.0,56.9292,First,woman,yes
310,310,310,1,female,24.0,83.1583,First,woman,yes
311,311,311,1,female,18.0,262.375,First,woman,yes
312,312,312,0,female,26.0,26.0,Second,woman,no
313,313,313,0,male,28.0,7.8958,Third,man,no
314,314,314,0,male,43.0,26.25,Second,man,no
315,315,315,1,female,26.0,7.8542,Third,woman,yes
316,316,316,1,female,24.0,26.0,Second,woman,yes
317,317,317,0,male,54.0,14.0,Second,man,no
318,318,318,1,female,31.0,164.8667,First,woman,yes
319,319,319,1,female,40.0,134.5,First,woman,yes
320,320,320,0,male,22.0,7.25,Third,man,no
321,321,321,0,male,27.0,7.8958,Third,man,no
322,322,322,1,female,30.0,12.35,Second,woman,yes
323,323,323,1,female,22.0,29.0,Second,woman,yes
324,324,324,0,male,29.69911764705882,69.55,Third,man,no
325,325,325,1,female,36.0,135.6333,First,woman,yes
326,326,326,0,male,61.0,6.2375,Third,man,no
327,327,327,1,female,36.0,13.0,Second,woman,yes
328,328,328,1,female,31.0,20.525,Third,woman,yes
329,329,329,1,female,16.0,57.9792,First,woman,yes
330,330,330,1,female,29.69911764705882,23.25,Third,woman,yes
331,331,331,0,male,45.5,28.5,First,man,no
332,332,332,0,male,38.0,153.4625,First,man,no
333,333,333,0,male,16.0,18.0,Third,man,no
334,334,334,1,female,29.69911764705882,133.65,First,woman,yes
335,335,335,0,male,29.69911764705882,7.8958,Third,man,no
336,336,336,0,male,29.0,66.6,First,man,no
337,337,337,1,female,41.0,134.5,First,woman,yes
338,338,338,1,male,45.0,8.05,Third,man,yes
339,339,339,0,male,45.0,35.5,First,man,no
340,340,340,1,male,2.0,26.0,Second,child,yes
341,341,341,1,female,24.0,263.0,First,woman,yes
342,342,342,0,male,28.0,13.0,Second,man,no
343,343,343,0,male,25.0,13.0,Second,man,no
344,344,344,0,male,36.0,13.0,Second,man,no
345,345,345,1,female,24.0,13.0,Second,woman,yes
346,346,346,1,female,40.0,13.0,Second,woman,yes
347,347,347,1,female,29.69911764705882,16.1,Third,woman,yes
348,348,348,1,male,3.0,15.9,Third,child,yes
349,349,349,0,male,42.0,8.6625,Third,man,no
350,350,350,0,male,23.0,9.225,Third,man,no
351,351,351,0,male,29.69911764705882,35.0,First,man,no
352,352,352,0,male,15.0,7.2292,Third,child,no
353,353,353,0,male,25.0,17.8,Third,man,no
354,354,354,0,male,29.69911764705882,7.225,Third,man,no
355,355,355,0,male,28.0,9.5,Third,man,no
356,356,356,1,female,22.0,55.0,First,woman,yes
357,357,357,0,female,38.0,13.0,Second,woman,no
358,358,358,1,female,29.69911764705882,7.8792,Third,woman,yes
359,359,359,1,female,29.69911764705882,7.8792,Third,woman,yes
360,360,360,0,male,40.0,27.9,Third,man,no
361,361,361,0,male,29.0,27.7208,Second,man,no
362,362,362,0,female,45.0,14.4542,Third,woman,no
363,363,363,0,male,35.0,7.05,Third,man,no
364,364,364,0,male,29.69911764705882,15.5,Third,man,no
365,365,365,0,male,30.0,7.25,Third,man,no
366,366,366,1,female,60.0,75.25,First,woman,yes
367,367,367,1,female,29.69911764705882,7.2292,Third,woman,yes
368,368,368,1,female,29.69911764705882,7.75,Third,woman,yes
369,369,369,1,female,24.0,69.3,First,woman,yes
370,370,370,1,male,25.0,55.4417,First,man,yes
371,371,371,0,male,18.0,6.4958,Third,man,no
372,372,372,0,male,19.0,8.05,Third,man,no
373,373,373,0,male,22.0,135.6333,First,man,no
374,374,374,0,female,3.0,21.075,Third,child,no
375,375,375,1,female,29.69911764705882,82.1708,First,woman,yes
376,376,376,1,female,22.0,7.25,Third,woman,yes
377,377,377,0,male,27.0,211.5,First,man,no
378,378,378,0,male,20.0,4.0125,Third,man,no
379,379,379,0,male,19.0,7.775,Third,man,no
380,380,380,1,female,42.0,227.525,First,woman,yes
381,381,381,1,female,1.0,15.7417,Third,child,yes
382,382,382,0,male,32.0,7.925,Third,man,no
383,383,383,1,female,35.0,52.0,First,woman,yes
384,384,384,0,male,29.69911764705882,7.8958,Third,man,no
385,385,385,0,male,18.0,73.5,Second,man,no
386,386,386,0,male,1.0,46.9,Third,child,no
387,387,387,1,female,36.0,13.0,Second,woman,yes
388,388,388,0,male,29.69911764705882,7.7292,Third,man,no
389,389,389,1,female,17.0,12.0,Second,woman,yes
390,390,390,1,male,36.0,120.0,First,man,yes
391,391,391,1,male,21.0,7.7958,Third,man,yes
392,392,392,0,male,28.0,7.925,Third,man,no
393,393,393,1,female,23.0,113.275,First,woman,yes
394,394,394,1,female,24.0,16.7,Third,woman,yes
395,395,395,0,male,22.0,7.7958,Third,man,no
396,396,396,0,female,31.0,7.8542,Third,woman,no
397,397,397,0,male,46.0,26.0,Second,man,no
398,398,398,0,male,23.0,10.5,Second,man,no
399,399,399,1,female,28.0,12.65,Second,woman,yes
400,400,400,1,male,39.0,7.925,Third,man,yes
401,401,401,0,male,26.0,8.05,Third,man,no
402,402,402,0,female,21.0,9.825,Third,woman,no
403,403,403,0,male,28.0,15.85,Third,man,no
404,404,404,0,female,20.0,8.6625,Third,woman,no
405,405,405,0,male,34.0,21.0,Second,man,no
406,406,406,0,male,51.0,7.75,Third,man,no
407,407,407,1,male,3.0,18.75,Second,child,yes
408,408,408,0,male,21.0,7.775,Third,man,no
409,409,409,0,female,29.69911764705882,25.4667,Third,woman,no
410,410,410,0,male,29.69911764705882,7.8958,Third,man,no
411,411,411,0,male,29.69911764705882,6.8583,Third,man,no
412,412,412,1,female,33.0,90.0,First,woman,yes
413,413,413,0,male,29.69911764705882,0.0,Second,man,no
414,414,414,1,male,44.0,7.925,Third,man,yes
415,415,415,0,female,29.69911764705882,8.05,Third,woman,no
416,416,416,1,female,34.0,32.5,Second,woman,yes
417,417,417,1,female,18.0,13.0,Second,woman,yes
418,418,418,0,male,30.0,13.0,Second,man,no
419,419,419,0,female,10.0,24.15,Third,child,no
420,420,420,0,male,29.69911764705882,7.8958,Third,man,no
421,421,421,0,male,21.0,7.7333,Third,man,no
422,422,422,0,male,29.0,7.875,Third,man,no
423,423,423,0,female,28.0,14.4,Third,woman,no
424,424,424,0,male,18.0,20.2125,Third,man,no
425,425,425,0,male,29.69911764705882,7.25,Third,man,no
426,426,426,1,female,28.0,26.0,Second,woman,yes
427,427,427,1,female,19.0,26.0,Second,woman,yes
428,428,428,0,male,29.69911764705882,7.75,Third,man,no
429,429,429,1,male,32.0,8.05,Third,man,yes
430,430,430,1,male,28.0,26.55,First,man,yes
431,431,431,1,female,29.69911764705882,16.1,Third,woman,yes
432,432,432,1,female,42.0,26.0,Second,woman,yes
433,433,433,0,male,17.0,7.125,Third,man,no
434,434,434,0,male,50.0,55.9,First,man,no
435,435,435,1,female,14.0,120.0,First,child,yes
436,436,436,0,female,21.0,34.375,Third,woman,no
437,437,437,1,female,24.0,18.75,Second,woman,yes
438,438,438,0,male,64.0,263.0,First,man,no
439,439,439,0,male,31.0,10.5,Second,man,no
440,440,440,1,female,45.0,26.25,Second,woman,yes
441,441,441,0,male,20.0,9.5,Third,man,no
442,442,442,0,male,25.0,7.775,Third,man,no
443,443,443,1,female,28.0,13.0,Second,woman,yes
444,444,444,1,male,29.69911764705882,8.1125,Third,man,yes
445,445,445,1,male,4.0,81.8583,First,child,yes
446,446,446,1,female,13.0,19.5,Second,child,yes
447,447,447,1,male,34.0,26.55,First,man,yes
448,448,448,1,female,5.0,19.2583,Third,child,yes
449,449,449,1,male,52.0,30.5,First,man,yes
450,450,450,0,male,36.0,27.75,Second,man,no
451,451,451,0,male,29.69911764705882,19.9667,Third,man,no
452,452,452,0,male,30.0,27.75,First,man,no
453,453,453,1,male,49.0,89.1042,First,man,yes
454,454,454,0,male,29.69911764705882,8.05,Third,man,no
455,455,455,1,male,29.0,7.8958,Third,man,yes
456,456,456,0,male,65.0,26.55,First,man,no
457,457,457,1,female,29.69911764705882,51.8625,First,woman,yes
458,458,458,1,female,50.0,10.5,Second,woman,yes
459,459,459,0,male,29.69911764705882,7.75,Third,man,no
460,460,460,1,male,48.0,26.55,First,man,yes
461,461,461,0,male,34.0,8.05,Third,man,no
462,462,462,0,male,47.0,38.5,First,man,no
463,463,463,0,male,48.0,13.0,Second,man,no
464,464,464,0,male,29.69911764705882,8.05,Third,man,no
465,465,465,0,male,38.0,7.05,Third,man,no
466,466,466,0,male,29.69911764705882,0.0,Second,man,no
467,467,467,0,male,56.0,26.55,First,man,no
468,468,468,0,male,29.69911764705882,7.725,Third,man,no
469,469,469,1,female,0.75,19.2583,Third,child,yes
470,470,470,0,male,29.69911764705882,7.25,Third,man,no
471,471,471,0,male,38.0,8.6625,Third,man,no
472,472,472,1,female,33.0,27.75,Second,woman,yes
473,473,473,1,female,23.0,13.7917,Second,woman,yes
474,474,474,0,female,22.0,9.8375,Third,woman,no
475,475,475,0,male,29.69911764705882,52.0,First,man,no
476,476,476,0,male,34.0,21.0,Second,man,no
477,477,477,0,male,29.0,7.0458,Third,man,no
478,478,478,0,male,22.0,7.5208,Third,man,no
479,479,479,1,female,2.0,12.2875,Third,child,yes
480,480,480,0,male,9.0,46.9,Third,child,no
481,481,481,0,male,29.69911764705882,0.0,Second,man,no
482,482,482,0,male,50.0,8.05,Third,man,no
483,483,483,1,female,63.0,9.5875,Third,woman,yes
484,484,484,1,male,25.0,91.0792,First,man,yes
485,485,485,0,female,29.69911764705882,25.4667,Third,woman,no
486,486,486,1,female,35.0,90.0,First,woman,yes
487,487,487,0,male,58.0,29.7,First,man,no
488,488,488,0,male,30.0,8.05,Third,man,no
489,489,489,1,male,9.0,15.9,Third,child,yes
490,490,490,0,male,29.69911764705882,19.9667,Third,man,no
491,491,491,0,male,21.0,7.25,Third,man,no
492,492,492,0,male,55.0,30.5,First,man,no
493,493,493,0,male,71.0,49.5042,First,man,no
494,494,494,0,male,21.0,8.05,Third,man,no
495,495,495,0,male,29.69911764705882,14.4583,Third,man,no
496,496,496,1,female,54.0,78.2667,First,woman,yes
497,497,497,0,male,29.69911764705882,15.1,Third,man,no
498,498,498,0,female,25.0,151.55,First,woman,no
499,499,499,0,male,24.0,7.7958,Third,man,no
500,500,500,0,male,17.0,8.6625,Third,man,no
501,501,501,0,female,21.0,7.75,Third,woman,no
502,502,502,0,female,29.69911764705882,7.6292,Third,woman,no
503,503,503,0,female,37.0,9.5875,Third,woman,no
504,504,504,1,female,16.0,86.5,First,woman,yes
505,505,505,0,male,18.0,108.9,First,man,no
506,506,506,1,female,33.0,26.0,Second,woman,yes
507,507,507,1,male,29.69911764705882,26.55,First,man,yes
508,508,508,0,male,28.0,22.525,Third,man,no
509,509,509,1,male,26.0,56.4958,Third,man,yes
510,510,510,1,male,29.0,7.75,Third,man,yes
511,511,511,0,male,29.69911764705882,8.05,Third,man,no
512,512,512,1,male,36.0,26.2875,First,man,yes
513,513,513,1,female,54.0,59.4,First,woman,yes
514,514,514,0,male,24.0,7.4958,Third,man,no
515,515,515,0,male,47.0,34.0208,First,man,no
516,516,516,1,female,34.0,10.5,Second,woman,yes
517,517,517,0,male,29.69911764705882,24.15,Third,man,no
518,518,518,1,female,36.0,26.0,Second,woman,yes
519,519,519,0,male,32.0,7.8958,Third,man,no
520,520,520,1,female,30.0,93.5,First,woman,yes
521,521,521,0,male,22.0,7.8958,Third,man,no
522,522,522,0,male,29.69911764705882,7.225,Third,man,no
523,523,523,1,female,44.0,57.9792,First,woman,yes
524,524,524,0,male,29.69911764705882,7.2292,Third,man,no
525,525,525,0,male,40.5,7.75,Third,man,no
526,526,526,1,female,50.0,10.5,Second,woman,yes
527,527,527,0,male,29.69911764705882,221.7792,First,man,no
528,528,528,0,male,39.0,7.925,Third,man,no
529,529,529,0,male,23.0,11.5,Second,man,no
530,530,530,1,female,2.0,26.0,Second,child,yes
531,531,531,0,male,29.69911764705882,7.2292,Third,man,no
532,532,532,0,male,17.0,7.2292,Third,man,no
533,533,533,1,female,29.69911764705882,22.3583,Third,woman,yes
534,534,534,0,female,30.0,8.6625,Third,woman,no
535,535,535,1,female,7.0,26.25,Second,child,yes
536,536,536,0,male,45.0,26.55,First,man,no
537,537,537,1,female,30.0,106.425,First,woman,yes
538,538,538,0,male,29.69911764705882,14.5,Third,man,no
539,539,539,1,female,22.0,49.5,First,woman,yes
540,540,540,1,female,36.0,71.0,First,woman,yes
541,541,541,0,female,9.0,31.275,Third,child,no
542,542,542,0,female,11.0,31.275,Third,child,no
543,543,543,1,male,32.0,26.0,Second,man,yes
544,544,544,0,male,50.0,106.425,First,man,no
545,545,545,0,male,64.0,26.0,First,man,no
546,546,546,1,female,19.0,26.0,Second,woman,yes
547,547,547,1,male,29.69911764705882,13.8625,Second,man,yes
548,548,548,0,male,33.0,20.525,Third,man,no
549,549,549,1,male,8.0,36.75,Second,child,yes
550,550,550,1,male,17.0,110.8833,First,man,yes
551,551,551,0,male,27.0,26.0,Second,man,no
552,552,552,0,male,29.69911764705882,7.8292,Third,man,no
553,553,553,1,male,22.0,7.225,Third,man,yes
554,554,554,1,female,22.0,7.775,Third,woman,yes
555,555,555,0,male,62.0,26.55,First,man,no
556,556,556,1,female,48.0,39.6,First,woman,yes
557,557,557,0,male,29.69911764705882,227.525,First,man,no
558,558,558,1,female,39.0,79.65,First,woman,yes
559,559,559,1,female,36.0,17.4,Third,woman,yes
560,560,560,0,male,29.69911764705882,7.75,Third,man,no
561,561,561,0,male,40.0,7.8958,Third,man,no
562,562,562,0,male,28.0,13.5,Second,man,no
563,563,563,0,male,29.69911764705882,8.05,Third,man,no
564,564,564,0,female,29.69911764705882,8.05,Third,woman,no
565,565,565,0,male,24.0,24.15,Third,man,no
566,566,566,0,male,19.0,7.8958,Third,man,no
567,567,567,0,female,29.0,21.075,Third,woman,no
568,568,568,0,male,29.69911764705882,7.2292,Third,man,no
569,569,569,1,male,32.0,7.8542,Third,man,yes
570,570,570,1,male,62.0,10.5,Second,man,yes
571,571,571,1,female,53.0,51.4792,First,woman,yes
572,572,572,1,male,36.0,26.3875,First,man,yes
573,573,573,1,female,29.69911764705882,7.75,Third,woman,yes
574,574,574,0,male,16.0,8.05,Third,man,no
575,575,575,0,male,19.0,14.5,Third,man,no
576,576,576,1,female,34.0,13.0,Second,woman,yes
577,577,577,1,female,39.0,55.9,First,woman,yes
578,578,578,0,female,29.69911764705882,14.4583,Third,woman,no
579,579,579,1,male,32.0,7.925,Third,man,yes
580,580,580,1,female,25.0,30.0,Second,woman,yes
581,581,581,1,female,39.0,110.8833,First,woman,yes
582,582,582,0,male,54.0,26.0,Second,man,no
583,583,583,0,male,36.0,40.125,First,man,no
584,584,584,0,male,29.69911764705882,8.7125,Third,man,no
585,585,585,1,female,18.0,79.65,First,woman,yes
586,586,586,0,male,47.0,15.0,Second,man,no
587,587,587,1,male,60.0,79.2,First,man,yes
588,588,588,0,male,22.0,8.05,Third,man,no
589,589,589,0,male,29.69911764705882,8.05,Third,man,no
590,590,590,0,male,35.0,7.125,Third,man,no
591,591,591,1,female,52.0,78.2667,First,woman,yes
592,592,592,0,male,47.0,7.25,Third,man,no
593,593,593,0,female,29.69911764705882,7.75,Third,woman,no
594,594,594,0,male,37.0,26.0,Second,man,no
595,595,595,0,male,36.0,24.15,Third,man,no
596,596,596,1,female,29.69911764705882,33.0,Second,woman,yes
597,597,597,0,male,49.0,0.0,Third,man,no
598,598,598,0,male,29.69911764705882,7.225,Third,man,no
599,599,599,1,male,49.0,56.9292,First,man,yes
600,600,600,1,female,24.0,27.0,Second,woman,yes
601,601,601,0,male,29.69911764705882,7.8958,Third,man,no
602,602,602,0,male,29.69911764705882,42.4,First,man,no
603,603,603,0,male,44.0,8.05,Third,man,no
604,604,604,1,male,35.0,26.55,First,man,yes
605,605,605,0,male,36.0,15.55,Third,man,no
606,606,606,0,male,30.0,7.8958,Third,man,no
607,607,607,1,male,27.0,30.5,First,man,yes
608,608,608,1,female,22.0,41.5792,Second,woman,yes
609,609,609,1,female,40.0,153.4625,First,woman,yes
610,610,610,0,female,39.0,31.275,Third,woman,no
611,611,611,0,male,29.69911764705882,7.05,Third,man,no
612,612,612,1,female,29.69911764705882,15.5,Third,woman,yes
613,613,613,0,male,29.69911764705882,7.75,Third,man,no
614,614,614,0,male,35.0,8.05,Third,man,no
615,615,615,1,female,24.0,65.0,Second,woman,yes
616,616,616,0,male,34.0,14.4,Third,man,no
617,617,617,0,female,26.0,16.1,Third,woman,no
618,618,618,1,female,4.0,39.0,Second,child,yes
619,619,619,0,male,26.0,10.5,Second,man,no
620,620,620,0,male,27.0,14.4542,Third,man,no
621,621,621,1,male,42.0,52.5542,First,man,yes
622,622,622,1,male,20.0,15.7417,Third,man,yes
623,623,623,0,male,21.0,7.8542,Third,man,no
624,624,624,0,male,21.0,16.1,Third,man,no
625,625,625,0,male,61.0,32.3208,First,man,no
626,626,626,0,male,57.0,12.35,Second,man,no
627,627,627,1,female,21.0,77.9583,First,woman,yes
628,628,628,0,male,26.0,7.8958,Third,man,no
629,629,629,0,male,29.69911764705882,7.7333,Third,man,no
630,630,630,1,male,80.0,30.0,First,man,yes
631,631,631,0,male,51.0,7.0542,Third,man,no
632,632,632,1,male,32.0,30.5,First,man,yes
633,633,633,0,male,29.69911764705882,0.0,First,man,no
634,634,634,0,female,9.0,27.9,Third,child,no
635,635,635,1,female,28.0,13.0,Second,woman,yes
636,636,636,0,male,32.0,7.925,Third,man,no
637,637,637,0,male,31.0,26.25,Second,man,no
638,638,638,0,female,41.0,39.6875,Third,woman,no
639,639,639,0,male,29.69911764705882,16.1,Third,man,no
640,640,640,0,male,20.0,7.8542,Third,man,no
641,641,641,1,female,24.0,69.3,First,woman,yes
642,642,642,0,female,2.0,27.9,Third,child,no
643,643,643,1,male,29.69911764705882,56.4958,Third,man,yes
644,644,644,1,female,0.75,19.2583,Third,child,yes
645,645,645,1,male,48.0,76.7292,First,man,yes
646,646,646,0,male,19.0,7.8958,Third,man,no
647,647,647,1,male,56.0,35.5,First,man,yes
648,648,648,0,male,29.69911764705882,7.55,Third,man,no
649,649,649,1,female,23.0,7.55,Third,woman,yes
650,650,650,0,male,29.69911764705882,7.8958,Third,man,no
651,651,651,1,female,18.0,23.0,Second,woman,yes
652,652,652,0,male,21.0,8.4333,Third,man,no
653,653,653,1,female,29.69911764705882,7.8292,Third,woman,yes
654,654,654,0,female,18.0,6.75,Third,woman,no
655,655,655,0,male,24.0,73.5,Second,man,no
656,656,656,0,male,29.69911764705882,7.8958,Third,man,no
657,657,657,0,female,32.0,15.5,Third,woman,no
658,658,658,0,male,23.0,13.0,Second,man,no
659,659,659,0,male,58.0,113.275,First,man,no
660,660,660,1,male,50.0,133.65,First,man,yes
661,661,661,0,male,40.0,7.225,Third,man,no
662,662,662,0,male,47.0,25.5875,First,man,no
663,663,663,0,male,36.0,7.4958,Third,man,no
664,664,664,1,male,20.0,7.925,Third,man,yes
665,665,665,0,male,32.0,73.5,Second,man,no
666,666,666,0,male,25.0,13.0,Second,man,no
667,667,667,0,male,29.69911764705882,7.775,Third,man,no
668,668,668,0,male,43.0,8.05,Third,man,no
669,669,669,1,female,29.69911764705882,52.0,First,woman,yes
670,670,670,1,female,40.0,39.0,Second,woman,yes
671,671,671,0,male,31.0,52.0,First,man,no
672,672,672,0,male,70.0,10.5,Second,man,no
673,673,673,1,male,31.0,13.0,Second,man,yes
674,674,674,0,male,29.69911764705882,0.0,Second,man,no
675,675,675,0,male,18.0,7.775,Third,man,no
676,676,676,0,male,24.5,8.05,Third,man,no
677,677,677,1,female,18.0,9.8417,Third,woman,yes
678,678,678,0,female,43.0,46.9,Third,woman,no
679,679,679,1,male,36.0,512.3292,First,man,yes
680,680,680,0,female,29.69911764705882,8.1375,Third,woman,no
681,681,681,1,male,27.0,76.7292,First,man,yes
682,682,682,0,male,20.0,9.225,Third,man,no
683,683,683,0,male,14.0,46.9,Third,child,no
684,684,684,0,male,60.0,39.0,Second,man,no
685,685,685,0,male,25.0,41.5792,Second,man,no
686,686,686,0,male,14.0,39.6875,Third,child,no
687,687,687,0,male,19.0,10.1708,Third,man,no
688,688,688,0,male,18.0,7.7958,Third,man,no
689,689,689,1,female,15.0,211.3375,First,child,yes
690,690,690,1,male,31.0,57.0,First,man,yes
691,691,691,1,female,4.0,13.4167,Third,child,yes
692,692,692,1,male,29.69911764705882,56.4958,Third,man,yes
693,693,693,0,male,25.0,7.225,Third,man,no
694,694,694,0,male,60.0,26.55,First,man,no
695,695,695,0,male,52.0,13.5,Second,man,no
696,696,696,0,male,44.0,8.05,Third,man,no
697,697,697,1,female,29.69911764705882,7.7333,Third,woman,yes
698,698,698,0,male,49.0,110.8833,First,man,no
699,699,699,0,male,42.0,7.65,Third,man,no
700,700,700,1,female,18.0,227.525,First,woman,yes
701,701,701,1,male,35.0,26.2875,First,man,yes
702,702,702,0,female,18.0,14.4542,Third,woman,no
703,703,703,0,male,25.0,7.7417,Third,man,no
704,704,704,0,male,26.0,7.8542,Third,man,no
705,705,705,0,male,39.0,26.0,Second,man,no
706,706,706,1,female,45.0,13.5,Second,woman,yes
707,707,707,1,male,42.0,26.2875,First,man,yes
708,708,708,1,female,22.0,151.55,First,woman,yes
709,709,709,1,male,29.69911764705882,15.2458,Third,man,yes
710,710,710,1,female,24.0,49.5042,First,woman,yes
711,711,711,0,male,29.69911764705882,26.55,First,man,no
712,712,712,1,male,48.0,52.0,First,man,yes
713,713,713,0,male,29.0,9.4833,Third,man,no
714,714,714,0,male,52.0,13.0,Second,man,no
715,715,715,0,male,19.0,7.65,Third,man,no
716,716,716,1,female,38.0,227.525,First,woman,yes
717,717,717,1,female,27.0,10.5,Second,woman,yes
718,718,718,0,male,29.69911764705882,15.5,Third,man,no
719,719,719,0,male,33.0,7.775,Third,man,no
720,720,720,1,female,6.0,33.0,Second,child,yes
721,721,721,0,male,17.0,7.0542,Third,man,no
722,722,722,0,male,34.0,13.0,Second,man,no
723,723,723,0,male,50.0,13.0,Second,man,no
724,724,724,1,male,27.0,53.1,First,man,yes
725,725,725,0,male,20.0,8.6625,Third,man,no
726,726,726,1,female,30.0,21.0,Second,woman,yes
727,727,727,1,female,29.69911764705882,7.7375,Third,woman,yes
728,728,728,0,male,25.0,26.0,Second,man,no
729,729,729,0,female,25.0,7.925,Third,woman,no
730,730,730,1,female,29.0,211.3375,First,woman,yes
731,731,731,0,male,11.0,18.7875,Third,child,no
732,732,732,0,male,29.69911764705882,0.0,Second,man,no
733,733,733,0,male,23.0,13.0,Second,man,no
734,734,734,0,male,23.0,13.0,Second,man,no
735,735,735,0,male,28.5,16.1,Third,man,no
736,736,736,0,female,48.0,34.375,Third,woman,no
737,737,737,1,male,35.0,512.3292,First,man,yes
738,738,738,0,male,29.69911764705882,7.8958,Third,man,no
739,739,739,0,male,29.69911764705882,7.8958,Third,man,no
740,740,740,1,male,29.69911764705882,30.0,First,man,yes
741,741,741,0,male,36.0,78.85,First,man,no
742,742,742,1,female,21.0,262.375,First,woman,yes
743,743,743,0,male,24.0,16.1,Third,man,no
744,744,744,1,male,31.0,7.925,Third,man,yes
745,745,745,0,male,70.0,71.0,First,man,no
746,746,746,0,male,16.0,20.25,Third,man,no
747,747,747,1,female,30.0,13.0,Second,woman,yes
748,748,748,0,male,19.0,53.1,First,man,no
749,749,749,0,male,31.0,7.75,Third,man,no
750,750,750,1,female,4.0,23.0,Second,child,yes
751,751,751,1,male,6.0,12.475,Third,child,yes
752,752,752,0,male,33.0,9.5,Third,man,no
753,753,753,0,male,23.0,7.8958,Third,man,no
754,754,754,1,female,48.0,65.0,Second,woman,yes
755,755,755,1,male,0.67,14.5,Second,child,yes
756,756,756,0,male,28.0,7.7958,Third,man,no
757,757,757,0,male,18.0,11.5,Second,man,no
758,758,758,0,male,34.0,8.05,Third,man,no
759,759,759,1,female,33.0,86.5,First,woman,yes
760,760,760,0,male,29.69911764705882,14.5,Third,man,no
761,761,761,0,male,41.0,7.125,Third,man,no
762,762,762,1,male,20.0,7.2292,Third,man,yes
763,763,763,1,female,36.0,120.0,First,woman,yes
764,764,764,0,male,16.0,7.775,Third,man,no
765,765,765,1,female,51.0,77.9583,First,woman,yes
766,766,766,0,male,29.69911764705882,39.6,First,man,no
767,767,767,0,female,30.5,7.75,Third,woman,no
768,768,768,0,male,29.69911764705882,24.15,Third,man,no
769,769,769,0,male,32.0,8.3625,Third,man,no
770,770,770,0,male,24.0,9.5,Third,man,no
771,771,771,0,male,48.0,7.8542,Third,man,no
772,772,772,0,female,57.0,10.5,Second,woman,no
773,773,773,0,male,29.69911764705882,7.225,Third,man,no
774,774,774,1,female,54.0,23.0,Second,woman,yes
775,775,775,0,male,18.0,7.75,Third,man,no
776,776,776,0,male,29.69911764705882,7.75,Third,man,no
777,777,777,1,female,5.0,12.475,Third,child,yes
778,778,778,0,male,29.69911764705882,7.7375,Third,man,no
779,779,779,1,female,43.0,211.3375,First,woman,yes
780,780,780,1,female,13.0,7.2292,Third,child,yes
781,781,781,1,female,17.0,57.0,First,woman,yes
782,782,782,0,male,29.0,30.0,First,man,no
783,783,783,0,male,29.69911764705882,23.45,Third,man,no
784,784,784,0,male,25.0,7.05,Third,man,no
785,785,785,0,male,25.0,7.25,Third,man,no
786,786,786,1,female,18.0,7.4958,Third,woman,yes
787,787,787,0,male,8.0,29.125,Third,child,no
788,788,788,1,male,1.0,20.575,Third,child,yes
789,789,789,0,male,46.0,79.2,First,man,no
790,790,790,0,male,29.69911764705882,7.75,Third,man,no
791,791,791,0,male,16.0,26.0,Second,man,no
792,792,792,0,female,29.69911764705882,69.55,Third,woman,no
793,793,793,0,male,29.69911764705882,30.6958,First,man,no
794,794,794,0,male,25.0,7.8958,Third,man,no
795,795,795,0,male,39.0,13.0,Second,man,no
796,796,796,1,female,49.0,25.9292,First,woman,yes
797,797,797,1,female,31.0,8.6833,Third,woman,yes
798,798,798,0,male,30.0,7.2292,Third,man,no
799,799,799,0,female,30.0,24.15,Third,woman,no
800,800,800,0,male,34.0,13.0,Second,man,no
801,801,801,1,female,31.0,26.25,Second,woman,yes
802,802,802,1,male,11.0,120.0,First,child,yes
803,803,803,1,male,0.42,8.5167,Third,child,yes
804,804,804,1,male,27.0,6.975,Third,man,yes
805,805,805,0,male,31.0,7.775,Third,man,no
806,806,806,0,male,39.0,0.0,First,man,no
807,807,807,0,female,18.0,7.775,Third,woman,no
808,808,808,0,male,39.0,13.0,Second,man,no
809,809,809,1,female,33.0,53.1,First,woman,yes
810,810,810,0,male,26.0,7.8875,Third,man,no
811,811,811,0,male,39.0,24.15,Third,man,no
812,812,812,0,male,35.0,10.5,Second,man,no
813,813,813,0,female,6.0,31.275,Third,child,no
814,814,814,0,male,30.5,8.05,Third,man,no
815,815,815,0,male,29.69911764705882,0.0,First,man,no
816,816,816,0,female,23.0,7.925,Third,woman,no
817,817,817,0,male,31.0,37.0042,Second,man,no
818,818,818,0,male,43.0,6.45,Third,man,no
819,819,819,0,male,10.0,27.9,Third,child,no
820,820,820,1,female,52.0,93.5,First,woman,yes
821,821,821,1,male,27.0,8.6625,Third,man,yes
822,822,822,0,male,38.0,0.0,First,man,no
823,823,823,1,female,27.0,12.475,Third,woman,yes
824,824,824,0,male,2.0,39.6875,Third,child,no
825,825,825,0,male,29.69911764705882,6.95,Third,man,no
826,826,826,0,male,29.69911764705882,56.4958,Third,man,no
827,827,827,1,male,1.0,37.0042,Second,child,yes
828,828,828,1,male,29.69911764705882,7.75,Third,man,yes
829,829,829,1,female,62.0,80.0,First,woman,yes
830,830,830,1,female,15.0,14.4542,Third,child,yes
831,831,831,1,male,0.83,18.75,Second,child,yes
832,832,832,0,male,29.69911764705882,7.2292,Third,man,no
833,833,833,0,male,23.0,7.8542,Third,man,no
834,834,834,0,male,18.0,8.3,Third,man,no
835,835,835,1,female,39.0,83.1583,First,woman,yes
836,836,836,0,male,21.0,8.6625,Third,man,no
837,837,837,0,male,29.69911764705882,8.05,Third,man,no
838,838,838,1,male,32.0,56.4958,Third,man,yes
839,839,839,1,male,29.69911764705882,29.7,First,man,yes
840,840,840,0,male,20.0,7.925,Third,man,no
841,841,841,0,male,16.0,10.5,Second,man,no
842,842,842,1,female,30.0,31.0,First,woman,yes
843,843,843,0,male,34.5,6.4375,Third,man,no
844,844,844,0,male,17.0,8.6625,Third,man,no
845,845,845,0,male,42.0,7.55,Third,man,no
846,846,846,0,male,29.69911764705882,69.55,Third,man,no
847,847,847,0,male,35.0,7.8958,Third,man,no
848,848,848,0,male,28.0,33.0,Second,man,no
849,849,849,1,female,29.69911764705882,89.1042,First,woman,yes
850,850,850,0,male,4.0,31.275,Third,child,no
851,851,851,0,male,74.0,7.775,Third,man,no
852,852,852,0,female,9.0,15.2458,Third,child,no
853,853,853,1,female,16.0,39.4,First,woman,yes
854,854,854,0,female,44.0,26.0,Second,woman,no
855,855,855,1,female,18.0,9.35,Third,woman,yes
856,856,856,1,female,45.0,164.8667,First,woman,yes
857,857,857,1,male,51.0,26.55,First,man,yes
858,858,858,1,female,24.0,19.2583,Third,woman,yes
859,859,859,0,male,29.69911764705882,7.2292,Third,man,no
860,860,860,0,male,41.0,14.1083,Third,man,no
861,861,861,0,male,21.0,11.5,Second,man,no
862,862,862,1,female,48.0,25.9292,First,woman,yes
863,863,863,0,female,29.69911764705882,69.55,Third,woman,no
864,864,864,0,male,24.0,13.0,Second,man,no
865,865,865,1,female,42.0,13.0,Second,woman,yes
866,866,866,1,female,27.0,13.8583,Second,woman,yes
867,867,867,0,male,31.0,50.4958,First,man,no
868,868,868,0,male,29.69911764705882,9.5,Third,man,no
869,869,869,1,male,4.0,11.1333,Third,child,yes
870,870,870,0,male,26.0,7.8958,Third,man,no
871,871,871,1,female,47.0,52.5542,First,woman,yes
872,872,872,0,male,33.0,5.0,First,man,no
873,873,873,0,male,47.0,9.0,Third,man,no
874,874,874,1,female,28.0,24.0,Second,woman,yes
875,875,875,1,female,15.0,7.225,Third,child,yes
876,876,876,0,male,20.0,9.8458,Third,man,no
877,877,877,0,male,19.0,7.8958,Third,man,no
878,878,878,0,male,29.69911764705882,7.8958,Third,man,no
879,879,879,1,female,56.0,83.1583,First,woman,yes
880,880,880,1,female,25.0,26.0,Second,woman,yes
881,881,881,0,male,33.0,7.8958,Third,man,no
882,882,882,0,female,22.0,10.5167,Third,woman,no
883,883,883,0,male,28.0,10.5,Second,man,no
884,884,884,0,male,25.0,7.05,Third,man,no
885,885,885,0,female,39.0,29.125,Third,woman,no
886,886,886,0,male,27.0,13.0,Second,man,no
887,887,887,1,female,19.0,30.0,First,woman,yes
888,888,888,0,female,29.69911764705882,23.45,Third,woman,no
889,889,889,1,male,26.0,30.0,First,man,yes
890,890,890,0,male,32.0,7.75,Third,man,no
